Tweet,Compound_Score,Sentiments
IPU International Parliamentary Union will be held in Nusa Bal this March,0.0,Netral
the beginning of the year March sofitel to host the inter parliamentary union inaugural gala dinner Ipu in the beachfront gamelan ballroom,0.0,Netral
"thankfully, now more and more people like to buy local products, like this area, the form of gotong royong is a hallmark of the Indonesian people IPU UMKM Wastranusantara Solusipuan",0.7951,Positif
"Since the beginning of the session, Indonesia has emphasized the importance of the central role of IPU in finding solutions to the issue of Ukraine, drawing a balance before respecting international law, territorial integrity and sovereignty, IPU, zero emission, stop climate change",0.7783,Positif
"I am very happy to participate in making history, building a commitment to global cooperation on changing the climate, efforts to create a world, healthy, peaceful and prosperous, IPU zero emission stop climatechange, your solution",0.9501,Positif
Post-IPU BKSAP DPR will form peace task force Russia Ukraine BKSAPDPRRI DPRRI WarRussiaUkraine Russia Ukraine IPU LensIndonesiacom,0.5423,Positif
"In the long term, I hope that the potential level of MSMEs in the global arena will have an impact on the recovery of the national economy IPU zero emission stop climate change",0.1779,Positif
"thank you for the visit of the president, secretary general of IPU, Indonesia, the same as continuing to look for a solution to the world of IPU, zero emission, stop climate change, your solution",0.5994,Positif
ri indonesia successfully held the ipu nusa bal hopefully the results of ipu will be answered like a global challenge the impression of the indonesian delegation always remembers ipu zeroemission,0.8625,Positif
prokes ipu bal praises who madam thanks to the mutual cooperation of all ipu puanmaharani bal who newsupdate,0.743,Positif
Indonesia successfully organizes IPU Nusa bal Hopefully the results of the IPU will be answered as a global challenge The impression of the Indonesian delegation always remembers IPU Zeroemission Stop Climate Change your solution,0.802,Positif
"it would be nice if more people used Indonesian literature, echoes the same as Indonesian culture, entered and then beautiful clothes typical of the archipelago Ipu zero emission stop climate change",0.6705,Positif
Indonesia is one religion in the world of Ipu,0.0,Netral
bksap dpr women become agents of peace,0.5423,Positif
"In the middle of the trial, Ipu Puan is saddened by the downing of the Chinese plane, Ipu Puanmaharani Ri",-0.5267,Negatif
"Leading the IPU Puan Assembly, presses on the importance of parliamentary diplomacy, bridges between countries, IPU Puanmaharani, RI",0.3612,Positif
"Ipu hopes that there will be a green parliament, bas tara gender, ipu puanmaharani ri",0.4215,Positif
"in accordance with the spirit of gotong royong, continue to cooperate with the parliament like the Indonesian state, towards the end of the Covid-19 pandemic, IPU zero emission, stop climate change, your solution",0.5106,Positif
"fadli zon, cooperation with the Indonesian parliament, has succeeded in IPU IPU through CO ID",0.4215,Positif
Fadli zon putu rudana commits to echo the Indonesian kris culture ipu,0.0258,Positif
Give the president of the world parliament Ipu Duarte Pacheco a kris after closing the IPU Bal trial this afternoon,0.0,Netral
with the president of ipu duarte pacheco signing the cover remember the ipu trial nusa bal march ri,0.0,Netral
with the chairman of ri ri signing the cover remember n stamps for the ipu nusa bal trial,0.0,Netral
secretary general of ipu inter parliamentary union martin chungong signed the cover commemorative stamps ipu nusa bal ri,0.0,Netral
The chairman of BKSAP has succeeded in IPU Bal thanks to the cooperation of the DPR RI BKSAP via RI IPU,0.6908,Positif
Mrs. Ri leading IPU women's issue Mrs. Maharani IPU news,0.0,Netral
BKSap strong bilateral relations Arab parliament IPU IPU forum,0.5106,Positif
live session inter parliamentary union nusa indonesia governing council assembly thursday march ipu zeroemission stop climatechange,-0.296,Negatif
"Secretary General of DPR RI, Indra Iskandar and delegation of Association of Secretaries General of Parliaments ASGP participated in cultural events, visited one of the tourist spots in Uluwatu, Bal, Wednesday, March, IPU Zeroemission Stop Climate Change",-0.296,Negatif
Indonesian Delegation to IPU Bal,0.0,Netral
Inter-parliamentary cooperation body BKSAP DPR RI conducts courtesy call Australian Parliament on the sidelines of the Inter Parliamentary Union IPU Nusa bal Indonesia session Wednesday March IPU Zeroemission Stop Climate Change,0.0772,Positif
Inter-parliamentary cooperation body BKSAP DPR RI conducts courtesy call Qatar parliament on the sidelines of the Inter Parliamentary Union IPU Nusa bal Indonesia session Wednesday March IPU Zeroemission Stop Climate Change,0.0772,Positif
"Indonesia to host the IPU inter parliamentary union session in March, Nusa bal Indonesia, the IPU session with the theme of getting to zero mobilizing parliaments to act on climate change IPU zeroemission stop climatechange",-0.296,Negatif
"perform dance, open the inter parliamentary union Ipu nusa bal session on Sunday, March, the Ipu trial carries the theme of getting to zero mobilizing parliaments to act on climate change Ipu zeroemission stop climatechange",-0.296,Negatif
"Deputy Chairperson of BKSAP, DPR RI, Mardani Ali, Sera, said that the Indonesian Parliament is an example of building good relations with the legislature, the main un-body, for achieving sustainable development goals SDGs IPU Zeroemission Stop Climate Change",0.1779,Positif
parliament belongs to important role bridge agrees international constituency aspirations parliament role builds political support ipu country zeroemission stop climatechange,0.4767,Positif
"Deputy Speaker of the House of Representatives, Lodewijk F Paul, until the Indonesian Parliament pushes for innovation breakthroughs to protect the world from the impact of climate change, IPU Zeroemission Stop Climate Change",0.4588,Positif
"BKSAP member of the DPR, Ri Dyah Roro Esti, met with Iran's parliamentary delegation to discuss several important issues related to the role of women in parliament and the order for cooperation opportunities between the two countries, IPU Zeroemission Stop Climate Change",0.296,Positif
"BKSAP member of DPR RI, Darul Siska, encourages the cooperation of all parties, both the DPR and the community's orders for the Covid pandemic, facing the world of IPU zero emission stop climate change",0.5267,Positif
"preserving Indonesian culture, Fadli Zon and Supadma Rudana, know Kris around the world, RI IPU",0.0,Netral
Fadli Zon Putu Rudana echoes Indonesian culture around the world IPU RI,0.0,Netral
I really hope that Mr. Peter all delegates enjoy the atmosphere of the typical Indonesian food ball IPU Zeroemission Stop Climate Change Solutions,0.7089,Positif
"Ning is a delegate to the Indonesian parliament, DPR RI, the assembly of the inter-parliamentary union IPU and related meetings, nusa bal ipu, maintaining unity with development",0.0,Netral
"I received the bilateral meeting mp Australia he Ms Hollie Hughes and Ms Deborah O Neill between the Ipu the th agenda, I also handed over the Ipu Keris Souvenir",0.0,Netral
"Please visit the field, the committee provides benefits & strongly supports serving violent victims against women & children with HIV Aids Social card for women's empowerment & child protection in the province of Bali Dewa Gede Mahendra Putra Ipu",0.3182,Positif
"Deputy Chairperson of the Inter-Parliamentary Cooperation Body, BKSAP, DPR RI, Mardani Ali, Sera, conducts courtesy call of the Pakistan Parliament on the sidelines of the Inter Parliamentary Union Session, IPU Nusa Bal Indonesia, Wednesday, March, IPU Zeroemission Stop Climate Change",0.0772,Positif
deputy chairman of the inter-parliamentary cooperation body BKSAP DPR RI Mardani Ali Seralaku courtesy call of the Belgian parliament on the sidelines of the inter-parliamentary union session of IPU Nusa bal Indonesia Wednesday March IPU Zeroemission Stop Climate Change,0.0772,Positif
"Deputy Chairperson of the Inter-parliamentary Cooperation Body, BKSAP, DPR RI, Achmad Hafisz Tohir, conducts courtesy call of the Norwegian Parliament on the sidelines of the Inter-parliamentary Union session of IPU Nusa bal Indonesia, Wednesday, March, IPU Zeroemission Stop Climate Change",0.0772,Positif
Secretary General of DPR RI Indra Iskandar attended the Association of Secretaries General of Parliaments ASGP as part of the Inter Parliamentary Union IPU Nusa Bal Indonesia session Wednesday March IPU Zeroemission Stop Climate Change,-0.296,Negatif
"Speaker of the House of Representatives of the Republic of Indonesia, Puan Maharani, holds a bilateral meeting of the Bahrain Parliament, South Korea Parliament, Namibia Parliament, on the sidelines of the inter-parliamentary union session, Tuesday, March, IPU Zeroemission Stop Climate Change",-0.296,Negatif
I pressure parliamentarians to watch out for the implementation of net zero pledges net zero projects transparency level accountability for national and international actions on climate change eng ri ipu,-0.296,Negatif
sbg gopac vice chair sampai general debate speech getting to zero mobilizing parliaments to act on climate change dlm sidang ipu the th eng ri ipu,0.0,Netral
"Secretary General of the Republic of Indonesia, Indra Iskandar, has reached the number of achievements of the Secretariat General of DPR RI, the form of a modern parliament, the assembly of the secretary general of parliament, association of secretaries general of parliaments, ASGP bal ipu, zeroemission, stop climate change",-0.128,Negatif
"Deputy chairman of the inter-parliamentary cooperation body, BKSAP, DPR RI, Mardani Ali, Sera, said several countries and the IPU session asked for the Russia-Ukraine conflict to really focus on discussing IPU Zeroemission Stop Climate Change",-0.5423,Negatif
"Speaker of the House of Representatives of the Republic of Indonesia, Puan Maharani, stressed the importance of inter-parliamentary diplomacy joining the inter-parliamentary union, Ipu Puan believes then parliamentary diplomacy, differences between countries, good attitude, IPU zeroemission, stop climatechange",0.2023,Positif
"BKSAP member of the DPR RI Sihar Ph Sitorus is real that protecting children's rights needs to be a top priority like the world's material, then wisely budgeting the country properly IPU zero emission stop climate change",0.5994,Positif
"BKSAP member Dyah Roro Esti invites young people to actively participate in politics, Indonesian youth groups under the new year age group, representative of parliamentary quotas, parliamentary quotas, big ipu people zeroemission stop climatechange",0.0258,Positif
Deputy Chairperson of BKSAP DPR RI Putu Supadma Rudana until the inter parliamentary union session looks like the momentum is over like a global IPU zero emission stop climate change issue,0.4215,Positif
"Deputy Chairperson of BKSAP DPR RI, Achmad Hafisz Tohir, explained the main agenda of the Nusa Indonesia Inter Parliamentary Union Session IPU Zeroemission Stop Climate Change",-0.296,Negatif
Fadli Zon asks world parliaments to focus on recovering assets from IPU corruption,0.1779,Positif
"Bismillah, ready to join the IPU agenda, prayer day, hopefully it will be smooth, thanks to all the benefits of RI's stop climate change zero emission",0.8658,Positif
"Deputy Speaker of the DPR RI, Rachmat Gobel, Courtesy Call of the Japanese Parliament on the sidelines of the Inter Parliamentary Union IPU, Nusa Bal Indonesia, Monday, March, IPU Zeroemission Stop Climate Change",0.0772,Positif
like a challenge to uncertainty over a strong cooperation international cooperation ipu zeroemission stop climatechange solution ladies,0.5859,Positif
"then mutual cooperation is able to increase the level of solidarity between nations in the face of a pandemic with IPU zero emission stop climate change, your solution",0.5574,Positif
impressionnews ipu late,0.0,Netral
"Deputy Chairperson of BKSAP, DPR RI, Achmad Hafisz Tohir, said the COVID-19 pandemic has hit the world, hampering some of the old plans for the end of the year, the main problem with IPU education, zero emission, stop climate change",-0.5994,Negatif
Head of BKSAP DPR RI Fadli Real Zone of Indonesia holds the principle of a free and active political path to solve the problem of human trafficking migration levels amid the complexity of the problems for decades IPU Zeroemission Stop Climate Change,0.0516,Positif
"Totally agree, Mr. Jokowi, the impact of changing the food climate is very real. Congratulations, the soil is fertile. Make an invitation. Sir, wait for savesoil. Save the Ipu land.",0.8799,Positif
"Deputy Chairperson of BKSAP, DPR RI, Putu Supadma Rudana, values ​​cooperation, commitment to cooperation between countries, such as good solutions for the main pandemic, cooperation to push the economy level after the Covid IPU pandemic, zero emission stop climate change",0.7717,Positif
"Speaker of the House of Representatives of the Republic of Indonesia, Puan Maharani, talks about the important role of Parliament in medical emergencies following the Covid-19 pandemic, IPU Zeroemission Stop Climate Change",-0.1027,Negatif
fadli zon invites world parliaments to make an objective resolution of the ukraine conflict ukraine conflict via ipu,-0.5574,Negatif
world parliament vote peaceful solution of conflict russia ukraine ipu ri passed,0.4939,Positif
"chairman of the inter-parliamentary cooperation agency BKSAP DPR RI Fadli Real Zone Indonesia holds the principle of a free and active political path to solve problems, mentions the complexity of the problems of several decades of IPU",0.34,Positif
Indonesian parliament proposes emergency item content of bargaining middle ground close diplomacy involve parliament's role in conflict Russia Ukraine IPU zeroemission stopclimatechange,-0.5994,Negatif
"I saw this morning in the general debate on emergency items, IPU needs to find a peaceful solution n the role of parliament, dialogue n diplomacy, stop war, calm down the situation n support the human corridor, save the Ukrainian people and refugees",0.6124,Positif
fadli zon diplomacy dialogue so close to the main hand conflict russia ukraine republic online mobile ipu,0.2263,Positif
bal legislators push for cooperation in commitments between countries in the hands of the IPU pandemic zero emission stop climate change,-0.1779,Negatif
political support is an absolute prerequisite to achieve the paris agreement ipu zeroemission stop climatechange,0.5719,Positif
Mrs. spoke of the role of parliament in medical emergency hooking up to the IPU pandemic zeroemission stopclimatechange,-0.3818,Negatif
fadli zon presses efforts to complete human trafficking migration ipu ipu zeroemission stop climatechange,-0.296,Negatif
need innovation to protect the world climate change ipu zeroemission stopclimatechange,0.6369,Positif
Indonesian parliament fights for a draw to educate developed countries and develop IPU zero emission stop climate change,-0.5994,Negatif
Indonesian parliament urges real action to maintain world peace Ipu Ipu zeroemission stop climatechange,0.3182,Positif
Indonesian parliament continues to vote for Ukraine's peace efforts IPU IPU forum zeroemission stop climatechange,0.3182,Positif
"Madam, proposes a resolution on the issue of Russia, Ukraine, IPU, in accordance with the spirit of RI, to build a culture of peace, IPU, zero emission, stop climate change",0.4588,Positif
"dyah roro invites the younger generation to actively participate in politics, ipu zeroemission stop climatechange",0.0258,Positif
Indonesia to achieve the form of a modern parliament ASGP IPU forum zero emission stop climate change,-0.296,Negatif
Sihar Sitorus supports UNICEF vote allocation fencing protects children's rights IPU zeroemission stop climatechange,0.3818,Positif
"Through IPU, Indonesia bargains for a middle ground, Russia's Ukraine-Ukraine conflict, IPU Zeroemission Stop Climate Change",-0.5423,Negatif
Ms. Chair of the Egyptian Parliament agrees on the level of cooperation in the field of IPU zero emission stop climate change,-0.1027,Negatif
Gilan Dhielafararez accepts entry and lobo trial IPU IPU Zeroemission Stop Climate Change,0.0258,Positif
parliamentary diplomacy is important bridge of difference between countries ipu zeroemission stop climatechange,-0.1027,Negatif
Indonesian parliament amendments to several articles of the draft proposal for the benefits of ICT IPU IPU zero emission stop climate change,0.1027,Positif
Russia-Ukraine conflict becomes peace and international security committee increasingly attracts IPU zeroemission stop climatechange,0.6249,Positif
Indonesian parliament pushes for accessibility to reach the world of education in IPU zero emission stop climate change,-0.2732,Negatif
President Jokowi opens IPU session to highlight the challenge of changing the climate of the global community IPU Zeroemission Stop Climate Change,0.128,Positif
strong voice the role of the world's parliament bargaining ipu global solution ipu zeroemission stop climatechange,0.5267,Positif
"strong bilateral cooperation, BKSap push for world peace ipu zeroemission stop climatechange",0.6808,Positif
chairman of DPR opens IPU bal session presses collaboration between countries IPU zeroemission stop climatechange,-0.296,Negatif
seventy pandemic princess comarudin promotion wise bus gender perspective ipu ipu zeroemission stopclimatechange,0.4767,Positif
chair the parliamentary session of women Ipu Irine Yusiana vote tara gender ipu zeroemission stopclimatechange,0.0,Netral
Mrs. Emphasizes the importance of global cooperation for sure active participation of women IPU zero emission stop climate change,0.6486,Positif
indonesian parliament main sponsor of emergency items russia ukraine ipu zeroemission stop climatechange,-0.5859,Negatif
dpr ri bargaining hand proposal conflict russia ukraine ipu ipu trial zeroemission stop climatechange,-0.0772,Negatif
dpr chairwoman maharani calls for peace ukraine ipu zeroemission stop climatechange,0.3182,Positif
IPU President Appreciates Indonesia Host IPU IPU Zeroemission Stop Climate Change Session,0.2732,Positif
ipu indonesia commitment to active role solve global problem ipu zeroemission stop climatechange,0.296,Positif
DPR chairman encourages Indonesia to talk about global vaccine leveling IPU IPU zero emission stop climate change,0.1779,Positif
"Speaker of the House of Representatives of the Republic of Indonesia, Puan Maharani, has a strong voice, the role of the world's parliaments is more contributing, so for global solutions, push for the world's parliaments, bridges between countries, facilitates dialogue, builds partners, between parliaments, IPU",0.6444,Positif
"Chairman of the House of Representatives of the Republic of Indonesia, Puan Maharani, talks about the important role of Parliament in medical emergencies, following the COVID-19 pandemic, IPU Zeroemission Stop Climate Change",-0.1027,Negatif
"member of the inter-parliamentary cooperation body, BKSAP, RI Sihar Ph Sitorus, it is clear that protecting children's rights needs to be a top priority, like the world's material, then wisely budget the country properly, IPU zeroemission, stop climate change",0.7579,Positif
"deputy chairman of the inter-parliamentary cooperation body, BKSAP, DPR RI, Mardani Ali, stresses the importance of every country building democracy, building dialogue, building literacy, citizenship, IPU, zeroemission, stop climatechange",-0.4019,Negatif
BKSAP member Dyah Roro Esti invites youth to actively participate in IPU politics zeroemission stop climatechange,0.0258,Positif
"Chairman of BKSAP DPR RI, Fadli Zon, to Indonesian Parliament, proposes emergency items, content of bargaining, middle ground, close diplomacy, involves parliament's role in conflict, Russia, Ukraine, IPU, zero emission, stop climate change",-0.7269,Negatif
"Chairman of the House of Representatives of the Republic of Indonesia at the IPU session alludes to the conflict between Ukraine, Russia and Palestine's independence. Don't forget to resolve conflicts with other materials from the earth. The meeting also urges the achievement of full Palestine and IPU independence.",-0.6617,Negatif
"one parliament's determination to push it so that all nations live in peace, the chairman of the DPR RI, Ms. Maharani, IPU, zero emission stop climate change",0.6124,Positif
"Speaker of the House of Representatives of the Republic of Indonesia, Puan Maharani, hopes that parliament will be the key to lead the mobilization of real action to challenge global IPU zero emission stop climate change",0.2263,Positif
"Chairperson of the House of Representatives of the Republic of Indonesia, Ms. Maharani, is firm in involving young people in the struggle to resolve the issue of changing the world's climate. Tara's gender, Ms. Youth, actively participates in taking decisions on IPU Zeroemission Stop Climate Change",0.1027,Positif
"Chairperson of the DPR RI, Puan Maharani, asks the bridge country and supports the achievement of full independence over Palestine, pushes for democratic Myanmar and creates a peace truce, Ukraine, IPU, zero emission stop climate change",0.7096,Positif
"Speaker of the House of Representatives of the Republic of Indonesia, Puan Maharani, hopes that parliament will continue to uphold human principles, encourage international cooperation, IPU Zeroemission, Stop Climate Change",0.5994,Positif
"Speaker of the House of Representatives of the Republic of Indonesia, Puan Maharani, pushes the world's parliament to bridge differences between countries, facilitate dialogue, build partners between parliaments, IPU, zero emission, stop climate change",-0.296,Negatif
"Chairperson of the DPR RI, Puan Maharani, welcomes the opening of the IPU Inter parliamentary Union session with a strong voice, the role of the world's parliament is more contributing to global solutions for IPU Zeroemission Stop Climate Change",0.6705,Positif
IPU inter parliamentary union session with the theme of getting to zero mobilizing parliaments to act on climate change officially opened the president with the chairman of the ri ri ri week of ipu zero emission stop climate change,-0.296,Negatif
sela sela agenda the th ipu assembly sama p terima bilateral meeting mp delegasi suriah he mr salloum al salloum mr abdul monem annan mr omar mahmoud hamdo n mr akram abdaljalil ipu,0.0,Netral
"Chairperson of the House of Representatives of the Republic of Indonesia, Puan Maharani, stresses the importance of global cooperation in the face of a pandemic, in the face of threats of geopolitical tension, in the face of the level of impact of climate change, IPU, zeroemission, stop-climatechange",-0.6808,Negatif
"Through IPU, Indonesia negotiates a middle ground for the conflict between Russia and Ukraine, RI IPU",-0.3182,Negatif
"create world peace, one of the press in deception, the work of the world parliament",0.4019,Positif
action and ipu tiktok an ipu zeroemissions stop climatechange,-0.296,Negatif
madam proposes resolution russia ukraine ipu in accordance with the spirit of ri puanbawaindonesiaworldwide puanmaharani russia ukraine ipu,0.1779,Positif
sbg ketua hadir assembly start of the general debate on the theme getting to zero mobilizing parliaments to act on climate change rangkai sidang inter parliamentary union ipu nusa bal indonesia ipu,0.0,Netral
"IPU session of the Indonesian parliament, RI proposes a proposal for conflict resolution between Russia and Ukraine, IPU trial, Nusa bal Indonesia, IPU zeroemission, stop climate change",-0.5423,Negatif
"reposted from ri, chairman of BKSAP, dpr, fadli zon, to the Indonesian parliament, proposes a proposal for the resolution of the conflict between Russia and Ukraine, the IPU trial, Nusa Bal Indonesia, IPU zeroemission, stop climate change",-0.5423,Negatif
"believe in ipu, take real action, create a safer world in peace, determination, strong will, take off, wise communication, believe in peace, the earth is not a dream, ipu zeroemission stopclimatechange",0.9599,Positif
"sweet relationship, intertwine Indonesia, Egypt, of course, continue to build, protect the importance of the nation, IPU, zero emission, stop climate change, your solution",0.802,Positif
"I hope the IPU trial goes smoothly and reaches the goal and solves global problems. Thank you, Ms. Puan Ri, for supporting the big IPU Puanbawa, Indonesia, worldwide.",0.7845,Positif
madam pimpin needs the people to always give positive to the nation during the holding of the ipu ri puanbawaindonesiamendunia ipu conference,0.5574,Positif
BKSAP member of DPR RI Dyah Roro Esti pushes access to technology accessibility for all students to increase level even though the IPU pandemic conditions zero emission stop climate change,0.0258,Positif
President Jokowi opens IPU session to highlight global climate change as a result for the sake of Jokowi's President Ipu Nusaduabali Bali LensIndonesia.com,0.34,Positif
momentum rises with bal indonesia world peace love and peace ipu zeroemission stop climatechange,0.875,Positif
agenda emergency item sidang ipu indonesia aju proposal the role of parliaments in supporting a peaceful resolution to the russian ukrainian conflict ipu,0.296,Positif
Deputy chairman of the inter-parliamentary cooperation agency BKSAP DPR RI Mardani Ali Sera said several countries and the IPU session asked for the Russia-Ukraine conflict to really focus on the IPU discussion,-0.3182,Negatif
member of the inter-parliamentary cooperation body bksap dpr ri dyah roro esti discussion standing committee on sustainable development ipu,0.0,Netral
"Chairperson of the DPR RI, Puan Maharani, arrives at the Governing Council Session speech to actively participate in the IPU Nusa Indonesia inter-parliamentary union session Monday, March, IPU Zeroemission Stop Climate Change",0.0258,Positif
"BKSAP member of DPR RI, Irine Yusiana Roba Putri, until the big covid pandemic, the problem of natural gender equality for women, the main issue for women's health, teenagers, during the IPU Ipuassembly pandemic, DPRI",-0.0516,Negatif
"good job ma'am, thank you also for all the tasks to make the event even cooler, puanbawaindonesia to the world ipu",0.6597,Positif
"Hopefully, through the event, we have a solution for the end of the covid pandemic, Puanbawa, Indonesia, worldwide, IPU Ri",0.6124,Positif
"Great, Mrs. Ri, believes in leading the IPU event, Puanbawa Indonesia is very proud to be worldwide",0.8173,Positif
"keep raising the issue, good, good, hold on safely, the rights of other women, hopefully it will be of great benefit to Indonesia, ipu puanbawaindonesia, worldwide",0.9571,Positif
watch the ball dance and continue the heavy lifting theme will run smoothly when ready to mature saluttt ipu puanbawaindonesiaworldwide ri,0.6486,Positif
"Wow, really salute, I hope the road event will be successful, Puanbawa, Indonesia, worldwide, IPU",0.8948,Positif
"IPU is a place to get to know Indonesian culture from the world, PuanbawaIndonesia, to the world",0.0,Netral
"great appreciation, hope Indonesia knows better ri Ipu PuanbawaIndonesia to the world",0.9217,Positif
"follow the news of ipu bal, join the Indonesian ladies, know more about the cool subject of ipu puanbawaindonesia, worldwide",0.5809,Positif
"Wow, the delegation is like a country, the IPU event, the highest appreciation for the RI committee, is well prepared, Puanbawa, Indonesia, to the world",0.9118,Positif
"really cool, the herbs for Ipu guests really show Indonesian culture, special dinner dance, big applause for all the roles of the ri puanbawaindonesia event to the world Ipu",0.796,Positif
"Mrs. Ri's enthusiasm for the success of the IPU event is increasingly bringing the name of Indonesia to the world, PuanbawaIndonesia, to the world of IPU",0.765,Positif
"Bismillah, Indonesia, up the world through IPU, the spirit of Puan Ri, Puanbawa, Indonesia, to the world, IPU",0.1779,Positif
"The theme of the stretcher is to bring the world to peace, Ipu PuanbawaIndonesia, to the world",0.5423,Positif
"I really salute him, Ri go straight to help ready for IPU, hope it goes well, ma'am, take care of your health, Puanbawa, Indonesia, worldwide, IPU",0.9231,Positif
"IPU this time has a good impact on the Indonesian tourism economy, I hope the event goes smoothly, Mrs. Ri Puanbawa, Indonesia, to the world IPU",0.7003,Positif
"thank you ma'am, fighting tara gender like ipu ri puanbawaindonesia for the world ipu",0.3612,Positif
"So proud that Indonesia is the host of the IPU event, the spirit of Mrs. Ri, the team, I hope that the event will make Indonesia more global, Puanbawa, Indonesia, to the world of IPU",0.7902,Positif
"really hopefull that the IPU event is discussed a lot, it's very important that the future country will be better, the spirit of the team is involved in the ri event, puanbawaindonesia, worldwide, IPU",0.6901,Positif
"IPU has a positive impact on Indonesia, specifically for Bali tourism, Puanbawa, Indonesia, to the world in Indonesia",0.5574,Positif
"Ms. Puan Ri, see examples of world-level women's leadership, inspiration for world-wide inter-parliamentary communication, solving global problems, PuanbawaIndonesia, worldwide, IPU",0.4767,Positif
"also proud to be the host of the IPU when the issue of dibaha has to be compared to the gender of the leader, ma'am maharani, a great woman of Indonesia, ri ipu puanbawaindonesiamendunya",0.802,Positif
"I'm very proud of the main IPU event committee, ri, really jumped right in to prepare for the world-wide puanbawaindonesia event",0.5256,Positif
"Mrs. Ri is indeed a world class leader, ready to be successful in the IPU IPU PuanbawaIndonesia event worldwide",0.743,Positif
I hope IPU will have strong international cooperation so that Indonesia will be more advanced IPU PuanbawaIndonesia will be worldwide,0.8173,Positif
"In the midst of many challenges, Indonesia is still known to be a friendly and comfortable country, all thanks to the chairman of the DPR RI, Mrs. Maharani, Puanbawa, Indonesia, to the world, IPU",0.8658,Positif
"IPU supports peace, Russia, Ukraine, IPU, the people of independence, Rmid",0.7184,Positif
"I hope the event brings a positive impact to Indonesia, PuanbawaIndonesia, to the world IPU",0.7579,Positif
"uwu the IPU event is ready for RI and the committee team of colleagues, the first day or two, hopefully until the last day it goes smoothly, bringing a good impact on Indonesia in front of PuanbawaIndonesia in the world of IPU",0.7964,Positif
"Facing climate change, ladies and gentlemen need billions of US dollars per year, ipu bal the people of independence rmid",0.0,Netral
"ipu is very special, there is a world condition is in a great crisis, ma'am, the team is ready for a good event, maybe ipu puanbawaindonesia is worldwide",0.8122,Positif
"This world-class event is really cool, Indonesia is the host, I'm really proud, I hope that Indonesia will know the world better, bu Ri's spirit to make the IPU PuanbawaIndonesia event a global success",0.9473,Positif
Russia Ukraine Absent IPU Session DPR Law Promises IPU Bal People's Independence Rmid,0.3818,Positif
"Thank you, Mrs. Ri, all the hard work committee of IPU Bal Puanbawa, Indonesia, to the world",0.2732,Positif
"Wow, it's really fitting to choose a place, I hope you feel at home there, I hope the economy will rise, I hope the success of the RI IPU PuanbawaIndonesia event worldwide",0.9451,Positif
"Punten wants to call Ri so that she notices the spirit of Mrs. Ipunya's fighting event, PuanbawaIndonesia, is global in Ipu",-0.2023,Negatif
"proud to see Indonesian culture, people, influence, to the speaker of parliament, if the Indonesian nation belongs to the cultural heritage of the union, each philosophy IPU zeroemission stop climatechange",0.2263,Positif
really cool ipu was held bal bal more acquainted with the world more and more bale economy so it runs smoothly ri puanbawaindonesiaworldwide ipu,0.3804,Positif
"IPUnya event was successful as a result of knowing Indonesian culture, the eyes of the world, Puanbawa, Indonesia, worldwide, IPU",0.5859,Positif
"Emphasize the importance of women's active participation, the process of seizing access to power, strong efforts of democracy like IPU countries, zero emission, stop climate change, women's solutions",0.8591,Positif
the fate of the world is of course mutual cooperation global problems need global solutions ipu zero emission stop climate change solutions ladies,-0.3612,Negatif
"the name of Indonesia is getting more ex-post after the IPU event is over, PuanbawaIndonesia is global in IPU",0.0,Netral
"Ipu event, Mrs. Maharani attended the event called success, the event was always finished, PuanbawaIndonesia went global Ipu",0.5719,Positif
"Indonesia is cool, it has been trusted with the title of IPU to lead the organizing of women's events such as good steady Ipu PuanbawaIndonesia to the world",0.8074,Positif
cool ipu bal event after special culture bal will result if it is ready to mature ipu puanbawaindonesia worldwide,0.8519,Positif
"It's great to see the big IPU event, the stretcher theme is also very suitable for the current conditions, hopefully IPU has a good impact on Indonesia, Puanbawa, Indonesia, worldwide, IPU",0.8658,Positif
"smpk praises the president of IPU for totality, after all, you have brought Indonesia to the world of IPU",0.5267,Positif
cool high school ready really ready to prove really that women lead well Ipu Puanbawa Indonesia to the world,0.8268,Positif
"How about you hesitate to lead the preparation of the big IPU event, hopefully you will achieve it well, Amen, Ipu Puanbawa, Indonesia, to the world",0.4019,Positif
"I hope that IPU Bal is really useful for Indonesia, especially the cool cool theme Ipu Puanbawa Indonesia has the world over",0.8816,Positif
"I hope that IPU brings Indonesia to the world, I hope that the event goes well, Puanbawa, Indonesia, to the world, Ipu",0.7845,Positif
Indonesian parliament main sponsor of emergency items Russia Ukraine IPU bal Rakyatmerdeka rmid,-0.3818,Negatif
"Yesterday, following the news of IPU, it was really cool, salute to you, ready to really kill Ipu Puanbawa, Indonesia, to the world",-0.2263,Negatif
"Bismillah ma'am, the team involved like IPU went smoothly because the event brought Indonesia up to the global level, PuanbawaIndonesia, worldwide, IPU",0.3612,Positif
"I want to appreciate the hard work of all those involved in IPU, you are amazing, PuanbawaIndonesia is global in IPU",0.7506,Positif
"Wow, gin mahh, I'm going to continue, Mrs. PuanbawaIndonesia, worldwide, IPU",0.5859,Positif
"Madam, you bring the noble value of gotong royong to the world, Puanbawa, Indonesia, to the world, IPU",0.6597,Positif
"madam, become a symbol, lead women in the world, lead like Ipu",0.3612,Positif
Mrs. Puan stretches the theme of getting to zero mobilizing parliaments to act on climate change.,0.0,Netral
"the issue of raising the issue of Mrs. Ipu is very cool, suitable for the problem that is needed now, Mrs. BringIndonesian to the world of IPU",-0.0276,Negatif
"Yesterday, I got an appreciation, members came and were happy to welcome Indonesian people, Puanbawa, Indonesia, to the world, IPU",0.875,Positif
"very proud to be the host of a big event, cake gin, hope that Indonesia will know more about the international arena, Puanbawa, Indonesia, worldwide, IPU",0.7425,Positif
"I'm proud of you, madam, to bring Indonesia to be more global, go forward, Puanbawa, Indonesia, to the world, IPU",0.4767,Positif
join the governing council in the morning Ipu Ipu Ri,0.296,Positif
"Chairman of the BKSAP DPR RI, Fadli Zon, to the Indonesian Parliament, proposes a proposal for the resolution of the Russia-Ukraine conflict, the IPU session of Nusa Bal Indonesia, IPU Zeroemission Stop Climate Change",-0.5423,Negatif
ipu stopclimatechange zeroemission photo documentation,0.0,Netral
Give a chance to discuss until you see the world parliament meeting IPU the main theme of the world is stop climate change zero emission ri,-0.0516,Negatif
"Deputy Chairperson of BKSAP, DPR RI, Fadli Zon, to the Indonesian Parliament, proposes a proposal for the resolution of the Russia-Ukraine conflict, the IPU session of Nusa Bal Indonesia, IPU Zeroemission Stop Climate Change",-0.5423,Negatif
the inauguration ceremony of the ipu nusa bal ipu trial,0.0,Netral
Open the assembly of the inter parliamentary union IPU and related meetings bal international convention center Badung Regency last night President Joko Widodo IPU,0.0,Netral
general assembly of ipu indonesia ipu,0.0,Netral
"Tani, Mrs. Jokowi, opens the trial for IPU bal Ipu bal Rakyat Merdeka Rmid",0.0,Netral
"together build a new world, healthy world, peaceful and prosperous, ipu zeroemission stop climatechange",0.7783,Positif
"Speaker of the House of Representatives of the Republic of Indonesia, Puan Maharani, invites all members of parliament to form a strong parliament, multilateral solidarity, global collaboration, IPU, zero emission, stop climate change",0.5106,Positif
ipu network behavior between ipu zeroemission stopclimatechange,0.0,Netral
the theme of the IPU assembly getting to zero mobilizing parliaments to act on climate change is a very relevant issue to discuss IPU zero emission stop climate change,-0.296,Negatif
"Parliament, please push for peaceful conflict to end, then support diplomacy, guarantee safe passage, evacuation, access, help humans, IPU, zeroemission, stop climatechange",0.8834,Positif
culture of peace call parliament hope ukraine conflict ends soon major de escalation of ipu conflict zeroemission stopclimatechange,0.4215,Positif
"IPU meeting becomes parliamentary momentum to spread culture of peace, promote tolerance, dialogue, strongly reject IPU, zeroemission, stop climatechange",0.6705,Positif
"IPU meeting plays an important role in establishing dialogue between parliaments to strengthen peaceful democracy, human rights, build further IPU zeroemission stop climatechange",0.7269,Positif
"The chairman of the DPR RI presses for parliament to play a more contributing role, so for different solutions between countries, a bridge is needed to build a dialogue between parliamentarians IPU zero emission stop climate change",0.2878,Positif
"Chairman of the House of Representatives of the Republic of Indonesia, Ms. Maharani, until the Unique IPU meeting, there is a pandemic atmosphere subsides. The world's third year army pandemic continues to face the uncertainty of IPU Zeroemission Stop Climate Change",-0.5574,Negatif
"Chairman of the House of Representatives of the Republic of Indonesia, Mrs. Maharani, thank you for being present, President of the Republic of Indonesia, Kenan.",0.3612,Positif
"member of the inter-parliamentary cooperation body BKSAP DPR RI Irine Yusiana Roba Putri Real women's voices are heard more, need full women, the main priority is IPU pandemic recovery zeroemission stopclimatechange",0.0,Netral
continued bilateral meeting with iranian parliamentary delegation h e mr rezakhah mr kh azad fathi mr rezaei mr mahmoudvand mrs azad sela sela agenda of the th ipu assembly ipu,0.0,Netral
live open session of inter parliamentary union ipu nusa bal indonesia march ipu zeroemission stop climatechange,-0.296,Negatif
"PUIC geopolitical group meeting, member countries of the Islamic Conference Organization, Oki, chaired the Speaker of Kuwait's Parliament, He Marzouq Al Ghaniem Puic, supports the draft resolution on Indonesia's proposal regarding the Russia-Ukraine conflict",0.0516,Positif
IPU session of DPR negotiates hand on conflict Russia Ukraine DPRI IPU ConflictRussiaUkraine RussiaUkraine nusaduabalilensindonesiacom,0.2263,Positif
International IPU bal opens IPU momentum between countries is strong global solidarity cooperation,0.6705,Positif
ipu ball international covid ipu trial shows Indonesia successful in handling the covid pandemic,0.5859,Positif
IPU bal international opens ipu bal is very conducive guaranteeing safe delegation,0.4877,Positif
IPU bal international community appreciates opening IPU trial,0.5106,Positif
"Deputy Speaker of the House of Representatives, Lodewijk F Paul, said that the House of Representatives of the Republic of Indonesia submitted a proposal to deal with the conflict so that Russia and Ukraine would like to accept all proposals and the IPU IPU Zeroemission Stop Climate Change trial",0.1531,Positif
chairman of the inter-parliamentary cooperation body BKSAP DPR RI Fadli Zon said the Asean Pakat Meeting of the Indonesian Parliament became a member of the committee drafting the peace resolution Russia Ukraine IPU,0.5423,Positif
"IPU President, Duarte Pacheco, welcomed the forum of women parliamentarians, his speech made the IPU global forum sell as an effort to mainstream IPU gender",0.34,Positif
"Chairperson of the DPR RI H C Puan Maharani welcomes the Forum of Women Parliamentarians, Puan Maharani, until Parliament has a very important role in promoting gender equality and IPU",0.7425,Positif
bilateral meeting with Belarusian delegation Mr Sergei Rachkov Ambassador of Belarus he Mr Valery Kolesnik n Mr Viktar Borisyonok on the sidelines of the agenda of the th IPU Assembly IPU DPRRI,0.0,Netral
about gender equality against women comes the world of global politics the proportion of female members is the level of IPU zeroemission stop climatechange,-0.296,Negatif
"The chairman of the DPR RI, Puan Maharani, the real world is being hit like a challenge to start the covid pandemic, threatening political tensions, the level of impact of climate change, IPU zeroemission stop climatechange",-0.6705,Negatif
"Chairperson of the House of Representatives of the Republic of Indonesia, Puan Maharani, emphasizes the importance of gender tara, the women's parliamentary forum, the inter parliamentary union, IPU, alludes to the issue of leading women, the hand of the Covid IPU pandemic, zero emission, stop climate change",0.5423,Positif
ipu international bal women's parliamentary forum Ipu madam talks about the results of leading women in the hands of the pandemic,0.0,Netral
"Deputy Speaker of the DPR RI, Lodewijk Freidrich Paul, until Indonesia negotiates a proposal on the conflict between Russia and Ukraine, IPU IPU Zeroemission Stop Climate Change Session",-0.5423,Negatif
"Opening night for the IPU Nusa Indonesia Inter Parliamentary Union Session, Stop Climate Change IPU DPRRI",-0.296,Negatif
"The chairman of the DPR RI, Ms. Maharani, has brought the issue of world peace and security in relation to the Russia-Ukraine conflict to be one of the important topics discussed at the IPU IPU Zeroemission Stop-climate Inter-parliamentary Union session",0.6597,Positif
"president joko widodo, schedule for attendance, open th inter parliamentary union ipu assembly & related meetings nusa bal week ipu zeroemission stop climatechange",-0.296,Negatif
"Speaker of the DPR RI, Ms. Maharani, said that the issue of world peace and security is the main issue regarding the Russia-Ukraine conflict, which is one of the important topics discussed in the IPU-IPU Zeroemission Stop-ClimateChange inter-parliamentary forum forum.",0.6597,Positif
"Chairperson of the DPR RI, Puan Maharani, said to hold an IPU Bicc Inter Parliamentary Union Session, Nusa Bal, March, giving Indonesia a strategic position for IPU Zeroemission Stop Climate Change",0.0516,Positif
"Chairperson of the DPR RI, Puan Maharani, and President IPU, Duarte Pacheco, Secretary General, IPU, Martin Chungong, planted longan trees, Dimocarpus Long Bal International Convention Center, Bicc Nusa Saturday, IPU Zeroemission Stop Climate Change",-0.296,Negatif
"Press conference of the chairman of the DPR RI, Puan Maharani, and the President of IPU, Duarte Pacheco, like the inter-parliamentary union, IPU Assembly & related meetings, Bal International Convention Center, Bicc Saturday, IPU Zeroemission, Stop Climate Change",0.0772,Positif
the th ipu assembly & related meetings attended more countries more delegates nusa bal indonesia march ipu zeroemission stop climatechange,-0.296,Negatif
"accompanied by the chairman of the DPR RI, the president, Ipu, the secretary general, IPU, press conference, Westin Hotel, Nusa bal, Ipu, Zeroemission Ipuparliament",0.0,Netral
"Press conference of the chairman of the DPR RI, Puan Maharani, and the President of IPU, Duarte Pacheco, ready for the IPU trial, Saturday, March, IPU Zeroemission, Stop Climate Change",0.0772,Positif
"Speaker of the DPR RI, Ms. Maharani, Ms. Maharani, calls IPU, so the world's parliaments have discussed it as a global issue. Representatives are concerned about the international community IPU zeroemission stop climatechange",-0.296,Negatif
"the chairman of the dpr ri suggested that the theme of women's youth participation should be discussed, the process of dropping out of public institutions, for sure the next generation will contain great young people regardless of gender, ipu zeroemission stop climatechange",0.6369,Positif
"the issue of the proposal to discuss the end of the covid pandemic quickly through the vaccine tare, all countries are important, strong democracy, respect for human rights, against the old challenges of the IPU pandemic, zeroemission, stop climatechange",0.743,Positif
"The chairman of the DPR RI, the IPU proposal, also discussed issues that are currently being challenged with important value issues discussing the issue of world peace and security following the conflict between Russia and Ukraine IPU Zeroemission Stop Climate Change",0.6369,Positif
"Then the IPU DPR RI Assembly appointed parliament to be at the forefront of the global hot battle, the RI DPR took the role of leading the mobilization of the world's parliamentary action IPU Zeroemission Stop Climate Change",-0.5859,Negatif
"IPU holds it in the midst of the COVID-19 pandemic, global dynamics change quickly, so IPU has time to discuss the world's parliaments as a global issue. Representatives are concerned about the international community IPU zeroemission stop climatechange",-0.0258,Negatif
the chairman of the dpr ri has a strong commitment to be ready like the big intention of the world parliament ipu dpr ri see the strong momentum of international cooperation gathers parliament like ipu countries zeroemission stop climatechange,0.926,Positif
"Excom IPU bodies discuss how the implementation of the IPU board break up Excom aims to discuss a series of IPU assembly meetings, issues discussed at a meeting called IPU Zeroemission Stop Climate Change",-0.296,Negatif
IPU EXCOM executive committee meeting spoke as if the material was ready to discuss the IPU Zeroemission Stop Climate Change international parliamentary forum,0.0772,Positif
ahead of the inter-parliamentary union ipu assembly & related meetings the chairman of dpr ri puan maharani attends the executive committee meeting excom ipu complex bal international conference nusa bal friday ipu zeroemission stop climate change,-0.296,Negatif
Indonesian Parliament DPR RI looks like a member of the IPU Inter Parliamentary Union continues to vote on some important global issues IPU Zeroemission Stop Climate Change,0.2732,Positif
"Chairperson of the DPR RI, Ms. Maharani, is firm, the DPR RI is taking part in building cooperation, international commitment, concrete wise implementation of each country, IPU zero emission stop climate change",0.5423,Positif
"IPU bal nila session is very strategic, gives parliament optimism as a country, the international community rises, the atmosphere of the IPU pandemic is zero emission stop climate change",0.3182,Positif
"The People's Representative Council of the Republic of Indonesia, DPR RI to host the IPU Nusa Bal Indonesia Inter Parliamentary Union Session, March IPU Zeroemission Stop Climate Change",-0.296,Negatif
ipu bal ipu invites international parliament on climate change,0.0,Netral
IPU bal Indonesia is ready to hold IPU,0.3612,Positif
ipu international bal ipu builds global solidarity partners,0.296,Positif
IPU International Bal IPU shows Indonesia's success in the hands of the covid pandemic,0.5719,Positif
ipu international bal ipu is real evidence of the rise of Indonesian tourism,0.0,Netral
"live discussion on democratic dialectics, the theme of the mission of the dpr ri inter parliamentary union ipu bal direct witness the official social media accounts of the dpr ri ipu zeroemission stopclimatechange",0.0,Netral
discussion on democratic dialectics with the theme of the mission of the DPR RI inter parliamentary union IPU bal direct witness the official social media accounts of the DPR RI IPU zeroemission stopclimatechange,0.0,Netral
"DPR RI attempts to take a role in discussing environmental issues, changing the visual form, the constitutional mandate, more specifically, the IPU climate change control agenda, zero emission stop climate change",-0.296,Negatif
"Member of Commission I DPR RI, Christina Aryani, values ​​such as the IPU Inter parliamentary Union session, the appearance of the momentum of the Indonesian nation, the voice for pushing for world peace, IPU Zeroemission, Stop Climate Change",0.6124,Positif
ipu attends self-delegation speaker of parliament member of parliament parliamentary secretariat lead international organization expert practitioner expert resource person media session other stakeholders ipu zeroemission stopclimatechange,0.0,Netral
world parliament forum mentions the value of contributing well Indonesia presidency summit g ipu zeroemission stop climatechange,0.3182,Positif
Ipu President Joko Widodo's Opening Agenda Ipu is confident that the image of Bal Island will be revived while helping to recover the tourism economy of the Island of the Gods.,0.6597,Positif
IPU takes the theme of getting to zero mobilizing parliament to act on climate change the issue of climate change takes a big theme to discuss directly related to living safe in the world IPU zeroemission stop climatechange,0.1779,Positif
"The host of the DPR RI is ready to act like a good IPU, maybe IPU will become an arena for Indonesia's existence level, the eyes of the world, IPU Zeroemission Stop Climate Change",0.6908,Positif
as well as participating in the inter-parliamentary union session of IPU IPU Zeroemission Stop Climate Change,-0.0258,Negatif
"Chairperson of the DPR RI, Ms. Maharani, surely many countries will attend the inter-parliamentary union IPU assembly & related meetings, Nusa Bal, March, IPU Zeroemission Stop Climate Change",0.1779,Positif
"Chairperson of the DPR RI, Puan Maharani, chaired a coordination meeting ready for the Inter Parliamentary Union IPU Bal International Convention Center Bicc Nusa Bal, Monday, March, IPU Zeroemission Stop Climate Change",0.0772,Positif
Deputy Chairperson of BKSAP DPR RI Putu Supadma Rudana firmly that Indonesia is ready to host the IPU Inter-parliamentary Union session in March IPU Zeroemission Stop Climate Change,0.0772,Positif
"I want to pray to support all Indonesian people like IPU, the road goes smoothly so that the momentum of the national economy level is the solution for IPU",0.8442,Positif
chairman of the dpr ri reviews that the inter parliamentary union ipu bal international convention center bicc nusa bal meeting is ready for ipu zeroemission stop climatechange Monday,0.0772,Positif
"appreciation, change the status of travel bubble putu supadma bal ready to ipu zeroemission stop climatechange",0.5574,Positif
ipu trial unlocks potential momentum bal rises ipu zeroemission stop climatechange,-0.296,Negatif
"explained the chairman of BKSAP DPR RI, Fadli Zon Hook, like the IPU Indonesia Inter Parliamentary Union IPU Zeroemission Stop Climate Change",0.0772,Positif
"Deputy Chairperson of BKSAP, DPR RI, Putu Supadma Rudana, said that the IPU Bal March is an important momentum to show the world that Indonesia is capable of challenging the Covid-19 IPU pandemic zero emission stop climate change",0.4215,Positif
sidang inter parliamentary union ipu nusa bal indonesia usung tema getting to zero mobilizing parliaments to act on climate change ipu zeroemission stopclimatechangey,0.0,Netral
DPR RI to host the session of the inter parliamentary union Ipu Nusa bal Indonesia IPU session with the theme of getting to zero mobilizing parliaments to act on climate change Ipu zeroemission stop climatechangey,-0.296,Negatif
IPU is Indonesia's momentum to recover the tourism economy sector IPU zero emission stop climate change,-0.296,Negatif
"The DPR RI has become an official member of the IPU Inter Parliamentary Union since the New Year, since the year 2018 began to routinely send delegates to members of Parliament who are active in IPU Assembly IPU Zeroemission Stop Climate Change",0.128,Positif
"Deputy Chairperson of BKSAP, DPR RI, Putu Supadma Rudana, said that IPU is an important moment to show the world that Indonesia is capable of challenging the Covid pandemic, complete read IPU Zeroemission Stop Climate Change",0.4215,Positif
country live stay advanced ipu zeroemission stop climatechange,-0.0516,Negatif
dpr ri then the task of parliamentary diplomacy to show the world Indonesia is ready to build a better world to build a socio-economic political system humanist social justice Ipu zeroemission stop climatechange,0.765,Positif
"the host of the DPR RI made good efforts to organize IPU, both successful in organizing and successful in participating in the speedy recovery of global IPU zeroemission stop climatechange",0.8519,Positif
five steadfast Indonesia hands on climate change the theme of the general assembly of Ipu getting to zero mobilizing parliament to act on climate change Ipu zeroemission stop climatechange,-0.0516,Negatif
four please attend parliament members of IPU bal move to recover national local tourism mice sector give spillover effect general economic sector Ipu zeroemission stop climatechange,0.0258,Positif
three levels of international trust in Indonesia's credibility capacity in the hands of the covid pandemic after the IPU pandemic zero emission stop climate change,0.2732,Positif
two steadfast lead the DPR RI to address crucial global issues so pay attention to IPU Zeroemission Stop Climate Change,-0.2654,Negatif
"First, stand firm, Indonesia, one of the world's great democracies, US, India, strong efforts, global quality of domestic democracy, IPU zeroemission, stop climatechange",0.7351,Positif
holding the general assembly of the IPU Indonesia inter parliamentary union belongs to the positive impact of the IPU Zeroemission Stop Climate Change,0.34,Positif
"Dpr ri hosts the inter-parliamentary meeting of the ipu union in the year of March, it seems to be ready and running successfully.",0.6908,Positif
"Chairperson of the DPR RI, Puan Maharani, accompanied by the Deputy Chair of the DPR RI, Lodewijk F Paul, BKSAP, DPR RI, the Secretariat General Team, DPR RI, directly inspected the venue, such as the IPU Assembly, International Convention Center, Bicc Nusa, Monday, February, IPU Stop Climate Change",-0.296,Negatif
"Secretary General of the DPR RI, Indra Iskandar, accompanied by the Deputy for Sessions, Damayanti and the team of the Sergeant General, DPR RI, directly inspected the International Arrival Terminal, I Gusti Gurah Rai, Bal, Saturday, February, IPU, Stop Climate Change, SetjendPR",-0.296,Negatif
bksap dpr ri held a parliamentary diplomacy socialization bksap sdg s day with the academic community at the institute of tani bogor ipb andi judge nasoetion building bogor tani institute monday february diplomasidpr ipu-parliamentary diplomacy stop climatechange,-0.296,Negatif
IPU is Indonesia's momentum to recover the tourism economic sector IPU stop climate change,-0.296,Negatif
inter-parliamentary cooperation body BKSAP DPR RI has an embassy briefing framework ready to hold the session of the th assembly of the inter parliamentary union IPU and related meetings Jakarta Wednesday February IPU stop climate change,0.0772,Positif
live bksap dpr ri has embassy briefing framework ready to hold the th assembly of the inter parliamentary union ipu and related meetings jakarta wednesday february ipu stop climatechange,0.0772,Positif
"The People's Representative Council of the Republic of Indonesia, the DPR RI to host the IPU Nusa Indonesia Inter Parliamentary Union Session, the IPU Session with the theme of Getting to Zero Mobilizing Parliaments to Act on Climate Change IPU Stop Climate Change",-0.296,Negatif
"Then the theme of IPU, the Indonesian Parliament, is firm in its leadership position, to build global partners, on the issue of climate change, IPU Stop Climate Change",-0.296,Negatif
"there is a big meeting related to climate change so close to the IPU session, I lead the RI DPR to build global partners on climate change issues IPU stop climatechange",-0.296,Negatif
mainstreaming climate change in the national mid-term design of the RPJMN socio-economic efforts to recover from COVID-19 is included in the discussion on the IPU stop climate change theme,-0.296,Negatif
"some of the background themes called climate change issues discussed IPU, Indonesia's commitment to global efforts to reduce greenhouse gas emissions in IPU stop climate change",0.1027,Positif
sidang inter parliamentary union ipu nusa bal indonesia using tema getting to zero mobilizing parliaments to act on climate change ipu stop climate change,-0.296,Negatif
DPR RI to host the session of the inter parliamentary union Ipu Nusa bal Indonesia IPU session carries the theme of getting to zero mobilizing parliaments to act on climate change IPU stop climatechange,-0.296,Negatif
Indonesia to host IPU session of DPRRI BKSAP IPU,0.0,Netral
"Chairperson of the DPR RI, Puan Maharani, invites members of the IPU Inter Parliamentary Union to attend the World Parliament Forum for the Indonesian Year in March, IPU",0.0,Netral
"The DPR RI then carried out the task of diplomacy to show the world that Indonesia was ready to build a better world, to build a social, economic, political system, just social, humanist, IPU",0.6597,Positif
"the host of the DPR RI made good efforts to organize IPU, both successful in organizing and successful in participating in the rapid global recovery of IPU",0.8885,Positif
The three meetings of the IPU general assembly became a forum for the level of inter-parliamentary cooperation to inform the nature of the IPU covid pandemic,0.0,Netral
two quick distribution of vaccines recover Ipu economy,0.0,Netral
First IPU general assembly gives parliament optimism as a country the international community rises to the atmosphere of the IPU pandemic,0.5423,Positif
general assembly of inter parliamentary union IPU bal nila is very strategic in IPU,0.0,Netral
"DPR RI to host the IPU trial like the date of March, Nusa Bal Ipu",0.3612,Positif
"the public can vote for the aspirations of the members of the council who are subject to debate, resolution of issues, active discussion and follow-up to the IPU Assembly forum in front of IPU",0.4019,Positif
The public witnesses how the aspirations of the members of the global forum's representative council are the same as the aspirations of the people of IPU countries,0.0,Netral
"information society, discussion, debate, global issues, now starting with the issue of security, human rights crisis, gender equality, socio-economic environment, democracy, against IPU",-0.4019,Negatif
March Indonesia hosted the IPU Assembly Nusa Indonesia IPU,0.0,Netral
"The mission of the global general character is resilient, like Indonesia's foreign policy, free and active, the basis of Pancasila, the GBHN constitution, is important for the dignity of the Indonesian nation, IPU",0.9001,Positif
The active participation of the DPR RI delegation in the IPU forum continues to level according to the IPU mission,0.4019,Positif
the delegation of the dpr ri also contributed to the proposal for the amendment of the ipu-ipu statute,0.0,Netral
The DPR RI delegation always chooses the members of the drafting committee formula committee like the IPU IPU commission meeting,0.3612,Positif
"attend the delegates of the DPR RI, the meeting is always beneficial, makes a big contribution to IPU",0.4404,Positif
"the delegates from the dpr ri then actively participated, continued to be active, ipu, good at regular assembly meetings held every ipu year",0.7845,Positif
The DPR RI has become an official member of the IPU since the new year. Since the year 2018 has begun to routinely send delegates to the IPU IPU conference.,0.0,Netral
"ipu assembly is held every year, like a world city, an organization owned by members of parliament, members of the ipu association",0.3612,Positif
"Ipu work continues to push for peace, democracy, human rights, gender equality, youth power, build further, then political dialogue, cooperation in parliamentary action, IPU",0.5423,Positif
"IPU Assembly, a global forum, gathers members of parliament from all over the world, to discuss pushing as an international agenda to become important with IPU",0.2023,Positif
"Indonesia to host the IPU Inter-parliamentary Union session, Nusa Indonesia, in March IPU",0.0,Netral
